{
    "factorized_top_k/top_1_categorical_accuracy": [
        0.0,
        0.0,
        0.0,
        0.0,
        0.0,
        0.0,
        0.0,
        0.0,
        0.0,
        0.0,
        0.0,
        0.0,
        0.0,
        0.0,
        0.0,
        0.0,
        0.0,
        0.0,
        0.0,
        0.0
    ],
    "factorized_top_k/top_5_categorical_accuracy": [
        0.0,
        0.0,
        0.0,
        0.0,
        0.0,
        0.0,
        0.0,
        0.0,
        0.0,
        0.0,
        0.0,
        0.0,
        0.0,
        0.0,
        0.0,
        0.0,
        0.0,
        0.0,
        0.0,
        0.0
    ],
    "factorized_top_k/top_10_categorical_accuracy": [
        0.0,
        0.0,
        0.0,
        0.0,
        0.0,
        0.0,
        0.0,
        0.0,
        0.0,
        0.0,
        0.0,
        0.0,
        0.0,
        0.0,
        0.0,
        0.0,
        0.0,
        0.0,
        0.0,
        0.0
    ],
    "factorized_top_k/top_50_categorical_accuracy": [
        0.0,
        0.0,
        0.0,
        0.0,
        0.0,
        0.0,
        0.0,
        0.0,
        0.0,
        0.0,
        0.0,
        0.0,
        0.0,
        0.0,
        0.0,
        0.0,
        0.0,
        0.0,
        0.0,
        0.0
    ],
    "factorized_top_k/top_100_categorical_accuracy": [
        0.0,
        0.0,
        0.0,
        0.0,
        0.0,
        0.0,
        0.0,
        0.0,
        0.0,
        0.0,
        0.0,
        0.0,
        0.0,
        0.0,
        0.0,
        0.0,
        0.0,
        0.0,
        0.0,
        0.0
    ],
    "loss": [
        7009.12109375,
        6981.3330078125,
        6969.005859375,
        6961.4833984375,
        6955.5947265625,
        6951.0400390625,
        6947.2197265625,
        6944.173828125,
        6941.50634765625,
        6939.27490234375,
        6937.26513671875,
        6935.40576171875,
        6933.66796875,
        6931.978515625,
        6930.50341796875,
        6929.169921875,
        6928.01953125,
        6926.8076171875,
        6925.7451171875,
        6924.677734375
    ],
    "regularization_loss": [
        0,
        0,
        0,
        0,
        0,
        0,
        0,
        0,
        0,
        0,
        0,
        0,
        0,
        0,
        0,
        0,
        0,
        0,
        0,
        0
    ],
    "total_loss": [
        7009.12109375,
        6981.3330078125,
        6969.005859375,
        6961.4833984375,
        6955.5947265625,
        6951.0400390625,
        6947.2197265625,
        6944.173828125,
        6941.50634765625,
        6939.27490234375,
        6937.26513671875,
        6935.40576171875,
        6933.66796875,
        6931.978515625,
        6930.50341796875,
        6929.169921875,
        6928.01953125,
        6926.8076171875,
        6925.7451171875,
        6924.677734375
    ],
    "val_factorized_top_k/top_1_categorical_accuracy": [
        0.006419556215405464,
        0.007604333106428385,
        0.008063736371695995,
        0.00811209436506033,
        0.008051646873354912,
        0.007749407552182674,
        0.007846124470233917,
        0.007410899735987186,
        0.007785676512867212,
        0.007374631240963936,
        0.007519706152379513,
        0.007169108837842941,
        0.00712075037881732,
        0.007495526690036058,
        0.007024033926427364,
        0.006963586434721947,
        0.006999854929745197,
        0.007193287834525108,
        0.006915227975696325,
        0.006492093205451965
    ],
    "val_factorized_top_k/top_5_categorical_accuracy": [
        0.03734464943408966,
        0.04566226527094841,
        0.04782629758119583,
        0.049748536199331284,
        0.049893610179424286,
        0.05057062581181526,
        0.050304658710956573,
        0.04978480562567711,
        0.04960346221923828,
        0.04903525486588478,
        0.04857584834098816,
        0.04708883538842201,
        0.047149281948804855,
        0.04580733925104141,
        0.0455051027238369,
        0.045311667025089264,
        0.0449368916451931,
        0.04452584683895111,
        0.04378838464617729,
        0.042784951627254486
    ],
    "val_factorized_top_k/top_10_categorical_accuracy": [
        0.06489675492048264,
        0.07988780736923218,
        0.08281347900629044,
        0.08682721853256226,
        0.08809661865234375,
        0.08862856030464172,
        0.08853184431791306,
        0.08865273743867874,
        0.08741960674524307,
        0.08667004853487015,
        0.08607766032218933,
        0.08479616791009903,
        0.08341795951128006,
        0.08197930455207825,
        0.08086705952882767,
        0.0799119845032692,
        0.07905363291501999,
        0.07728855311870575,
        0.0766478106379509,
        0.0755113884806633
    ],
    "val_factorized_top_k/top_50_categorical_accuracy": [
        0.19234488904476166,
        0.22566372156143188,
        0.23998984694480896,
        0.245152086019516,
        0.24996373057365417,
        0.2519705891609192,
        0.2519705891609192,
        0.25194641947746277,
        0.2504473030567169,
        0.2467116415500641,
        0.24448716640472412,
        0.24156148731708527,
        0.23830939829349518,
        0.23632670938968658,
        0.23317132890224457,
        0.23118863999843597,
        0.2284080535173416,
        0.22602640092372894,
        0.22380192577838898,
        0.22116640210151672
    ],
    "val_factorized_top_k/top_100_categorical_accuracy": [
        0.2854224145412445,
        0.3265027403831482,
        0.3432588577270508,
        0.35002902150154114,
        0.35415154695510864,
        0.3563639521598816,
        0.3566661775112152,
        0.3553846776485443,
        0.354381263256073,
        0.35173365473747253,
        0.3474055826663971,
        0.34408095479011536,
        0.3406112492084503,
        0.3364403545856476,
        0.33414334058761597,
        0.33086705207824707,
        0.32830408215522766,
        0.32570481300354004,
        0.3219570517539978,
        0.31872913241386414
    ],
    "val_loss": [
        4637.2978515625,
        4621.38818359375,
        4613.853515625,
        4609.3291015625,
        4605.833984375,
        4602.9580078125,
        4600.35009765625,
        4598.20166015625,
        4596.517578125,
        4595.21826171875,
        4594.1025390625,
        4593.2685546875,
        4592.58203125,
        4591.94873046875,
        4591.2890625,
        4590.740234375,
        4590.18798828125,
        4589.68603515625,
        4589.16796875,
        4588.71923828125
    ],
    "val_regularization_loss": [
        0,
        0,
        0,
        0,
        0,
        0,
        0,
        0,
        0,
        0,
        0,
        0,
        0,
        0,
        0,
        0,
        0,
        0,
        0,
        0
    ],
    "val_total_loss": [
        4637.2978515625,
        4621.38818359375,
        4613.853515625,
        4609.3291015625,
        4605.833984375,
        4602.9580078125,
        4600.35009765625,
        4598.20166015625,
        4596.517578125,
        4595.21826171875,
        4594.1025390625,
        4593.2685546875,
        4592.58203125,
        4591.94873046875,
        4591.2890625,
        4590.740234375,
        4590.18798828125,
        4589.68603515625,
        4589.16796875,
        4588.71923828125
    ]
}