{
    "factorized_top_k/top_1_categorical_accuracy": [
        0.0,
        0.0,
        0.0,
        0.0,
        0.0,
        0.0,
        0.0,
        0.0,
        0.0,
        0.0,
        0.0,
        0.0,
        0.0,
        0.0,
        0.0,
        0.0,
        0.0,
        0.0,
        0.0,
        0.0
    ],
    "factorized_top_k/top_5_categorical_accuracy": [
        0.0,
        0.0,
        0.0,
        0.0,
        0.0,
        0.0,
        0.0,
        0.0,
        0.0,
        0.0,
        0.0,
        0.0,
        0.0,
        0.0,
        0.0,
        0.0,
        0.0,
        0.0,
        0.0,
        0.0
    ],
    "factorized_top_k/top_10_categorical_accuracy": [
        0.0,
        0.0,
        0.0,
        0.0,
        0.0,
        0.0,
        0.0,
        0.0,
        0.0,
        0.0,
        0.0,
        0.0,
        0.0,
        0.0,
        0.0,
        0.0,
        0.0,
        0.0,
        0.0,
        0.0
    ],
    "factorized_top_k/top_50_categorical_accuracy": [
        0.0,
        0.0,
        0.0,
        0.0,
        0.0,
        0.0,
        0.0,
        0.0,
        0.0,
        0.0,
        0.0,
        0.0,
        0.0,
        0.0,
        0.0,
        0.0,
        0.0,
        0.0,
        0.0,
        0.0
    ],
    "factorized_top_k/top_100_categorical_accuracy": [
        0.0,
        0.0,
        0.0,
        0.0,
        0.0,
        0.0,
        0.0,
        0.0,
        0.0,
        0.0,
        0.0,
        0.0,
        0.0,
        0.0,
        0.0,
        0.0,
        0.0,
        0.0,
        0.0,
        0.0
    ],
    "loss": [
        8638.302734375,
        8577.1171875,
        8520.474609375,
        8516.904296875,
        8500.83984375,
        8491.1435546875,
        8489.3427734375,
        8480.6513671875,
        8477.060546875,
        8467.51171875,
        8462.166015625,
        8455.931640625,
        8453.220703125,
        8449.203125,
        8445.796875,
        8444.439453125,
        8443.5595703125,
        8438.8916015625,
        8437.3330078125,
        8436.2744140625
    ],
    "regularization_loss": [
        0,
        0,
        0,
        0,
        0,
        0,
        0,
        0,
        0,
        0,
        0,
        0,
        0,
        0,
        0,
        0,
        0,
        0,
        0,
        0
    ],
    "total_loss": [
        8638.302734375,
        8577.1171875,
        8520.474609375,
        8516.904296875,
        8500.83984375,
        8491.1435546875,
        8489.3427734375,
        8480.6513671875,
        8477.060546875,
        8467.51171875,
        8462.166015625,
        8455.931640625,
        8453.220703125,
        8449.203125,
        8445.796875,
        8444.439453125,
        8443.5595703125,
        8438.8916015625,
        8437.3330078125,
        8436.2744140625
    ],
    "val_factorized_top_k/top_1_categorical_accuracy": [
        0.006996974349021912,
        0.021085476502776146,
        0.023071104660630226,
        0.026853252202272415,
        0.030919061973690987,
        0.03299924358725548,
        0.03772692754864693,
        0.040658093988895416,
        0.04330559819936752,
        0.04888426512479782,
        0.04897882044315338,
        0.049262482672929764,
        0.05247730761766434,
        0.053233735263347626,
        0.05455748736858368,
        0.05408472195267677,
        0.058906957507133484,
        0.06145991012454033,
        0.05673222243785858,
        0.05956883355975151
    ],
    "val_factorized_top_k/top_5_categorical_accuracy": [
        0.04188729077577591,
        0.09672844409942627,
        0.125,
        0.1339825987815857,
        0.15970121324062347,
        0.17643721401691437,
        0.1870272308588028,
        0.2003592997789383,
        0.2134077101945877,
        0.22513237595558167,
        0.2340204268693924,
        0.2447049915790558,
        0.2512291967868805,
        0.25860437750816345,
        0.26295384764671326,
        0.26446670293807983,
        0.26947805285453796,
        0.2746785283088684,
        0.2740166485309601,
        0.2829992473125458
    ],
    "val_factorized_top_k/top_10_categorical_accuracy": [
        0.07157715409994125,
        0.1577155888080597,
        0.1991301029920578,
        0.2151096761226654,
        0.24621784687042236,
        0.2710854709148407,
        0.2875378131866455,
        0.30531391501426697,
        0.32403555512428284,
        0.33850225806236267,
        0.3520234525203705,
        0.363369882106781,
        0.36932677030563354,
        0.38048410415649414,
        0.3869137763977051,
        0.38889938592910767,
        0.3965582549571991,
        0.39930030703544617,
        0.4026096761226654,
        0.4018532633781433
    ],
    "val_factorized_top_k/top_50_categorical_accuracy": [
        0.2158661186695099,
        0.3813351094722748,
        0.46473145484924316,
        0.49527230858802795,
        0.5314863920211792,
        0.5666603446006775,
        0.588218629360199,
        0.6053328514099121,
        0.6221634149551392,
        0.6386157274246216,
        0.646747350692749,
        0.6616868376731873,
        0.6644288897514343,
        0.6701966524124146,
        0.679841160774231,
        0.6817322373390198,
        0.6870272159576416,
        0.6904311776161194,
        0.6913766860961914,
        0.6913766860961914
    ],
    "val_factorized_top_k/top_100_categorical_accuracy": [
        0.3255484104156494,
        0.5157904624938965,
        0.5989977121353149,
        0.6346444487571716,
        0.6663199663162231,
        0.696671724319458,
        0.7126513123512268,
        0.7311838269233704,
        0.7470688223838806,
        0.7578479647636414,
        0.7661687135696411,
        0.7738275527954102,
        0.7803517580032349,
        0.783377468585968,
        0.789239764213562,
        0.7906581163406372,
        0.7910363078117371,
        0.7946293354034424,
        0.7953857779502869,
        0.7951966524124146
    ],
    "val_loss": [
        1688.1744384765625,
        1675.1513671875,
        1670.33984375,
        1668.3431396484375,
        1666.0977783203125,
        1664.34716796875,
        1662.5614013671875,
        1660.884765625,
        1659.2236328125,
        1657.8604736328125,
        1656.7603759765625,
        1655.65234375,
        1654.857666015625,
        1654.1571044921875,
        1653.5145263671875,
        1653.113037109375,
        1652.6705322265625,
        1652.2789306640625,
        1651.9910888671875,
        1651.7735595703125
    ],
    "val_regularization_loss": [
        0,
        0,
        0,
        0,
        0,
        0,
        0,
        0,
        0,
        0,
        0,
        0,
        0,
        0,
        0,
        0,
        0,
        0,
        0,
        0
    ],
    "val_total_loss": [
        1688.1744384765625,
        1675.1513671875,
        1670.33984375,
        1668.3431396484375,
        1666.0977783203125,
        1664.34716796875,
        1662.5614013671875,
        1660.884765625,
        1659.2236328125,
        1657.8604736328125,
        1656.7603759765625,
        1655.65234375,
        1654.857666015625,
        1654.1571044921875,
        1653.5145263671875,
        1653.113037109375,
        1652.6705322265625,
        1652.2789306640625,
        1651.9910888671875,
        1651.7735595703125
    ]
}